sec,msg_type,channel,note,velocity,dynamic,accent,count,main_vol,depth,pedal,pan
0.0,"['note_on', 'note_on']","[0, 0]","[81, 54]","[70, 72]",mp,0,2,0,0,0,0
0.3,[],[],[],[],,0,0,0,0,0,0
0.4,"['note_off', 'note_off', 'note_on', 'note_on']","[0, 0, 0, 0]","[81, 54, 80, 61]","[0, 0, 71, 88]",pp,0,4,0,0,0,0
0.8,[],[],[],[],,0,0,0,0,0,0
0.9,"['note_off', 'note_off', 'note_on', 'note_on']","[0, 0, 0, 0]","[80, 61, 81, 66]","[0, 0, 79, 90]",pp,0,4,0,0,0,0
1.2,[],[],[],[],,0,0,0,0,0,0
1.3,"['note_off', 'note_on']","[0, 0]","[81, 80]","[0, 68]",ppp,0,2,0,0,0,0
1.7,[],[],[],[],,0,0,0,0,0,0
1.8,"['note_off', 'note_off', 'note_on', 'note_on']","[0, 0, 0, 0]","[80, 66, 81, 50]","[0, 0, 75, 65]",ppp,0,4,0,0,0,0
2.2,[],[],[],[],,0,0,0,0,0,0
2.3,"['note_off', 'note_off', 'note_on', 'note_on']","[0, 0, 0, 0]","[81, 50, 76, 57]","[0, 0, 68, 82]",pp,0,4,0,0,0,0
2.6,[],[],[],[],,0,0,0,0,0,0
2.7,"['note_off', 'note_off', 'note_on', 'note_on']","[0, 0, 0, 0]","[76, 57, 81, 64]","[0, 0, 85, 91]",pp,0,4,0,0,0,0
3.1,[],[],[],[],,0,0,0,0,0,0
3.2,"['note_off', 'note_on']","[0, 0]","[81, 74]","[0, 65]",ppp,0,2,0,0,0,0
5.8,[],[],[],[],,0,0,0,0,0,0
5.9,"['note_off', 'note_on']","[0, 0]","[74, 69]","[0, 66]",ppp,0,2,0,0,0,0
6.1,[],[],[],[],,0,0,0,0,0,0
6.2,"['note_off', 'note_on']","[0, 0]","[69, 73]","[0, 79]",pp,0,2,0,0,0,0
6.3,[],[],[],[],,0,0,0,0,0,0
6.4,"['note_off', 'note_off', 'note_on', 'note_on']","[0, 0, 0, 0]","[73, 64, 81, 54]","[0, 0, 92, 65]",pp,0,4,0,0,0,0
6.8,[],[],[],[],,0,0,0,0,0,0
6.9,"['note_off', 'note_off', 'note_on', 'note_on']","[0, 0, 0, 0]","[81, 54, 80, 61]","[0, 0, 79, 91]",pp,0,4,0,0,0,0
7.2,[],[],[],[],,0,0,0,0,0,0
7.3,"['note_off', 'note_off', 'note_on', 'note_on']","[0, 0, 0, 0]","[80, 61, 81, 66]","[0, 0, 77, 86]",pp,0,4,0,0,0,0
7.7,[],[],[],[],,0,0,0,0,0,0
7.8,"['note_off', 'note_on']","[0, 0]","[81, 80]","[0, 73]",pp,0,2,0,0,0,0
8.2,[],[],[],[],,0,0,0,0,0,0
8.3,"['note_off', 'note_off', 'note_on', 'note_on']","[0, 0, 0, 0]","[80, 66, 81, 50]","[0, 0, 81, 71]",pp,0,4,0,0,0,0
8.6,[],[],[],[],,0,0,0,0,0,0
8.7,"['note_off', 'note_off', 'note_on', 'note_on']","[0, 0, 0, 0]","[81, 50, 76, 57]","[0, 0, 64, 85]",pp,0,4,0,0,0,0
9.1,[],[],[],[],,0,0,0,0,0,0
9.2,"['note_off', 'note_off', 'note_on', 'note_on']","[0, 0, 0, 0]","[76, 57, 81, 64]","[0, 0, 86, 90]",pp,0,4,0,0,0,0
9.5,[],[],[],[],,0,0,0,0,0,0
9.6,"['note_off', 'note_on']","[0, 0]","[81, 74]","[0, 61]",ppp,0,2,0,0,0,0
12.3,[],[],[],[],,0,0,0,0,0,0
12.4,"['note_off', 'note_on']","[0, 0]","[74, 69]","[0, 68]",ppp,0,2,0,0,0,0
12.5,[],[],[],[],,0,0,0,0,0,0
12.6,"['note_off', 'note_on']","[0, 0]","[69, 73]","[0, 82]",pp,0,2,0,0,0,0
12.8,[],[],[],[],,0,0,0,0,0,0
12.9,"['note_off', 'note_off', 'note_on', 'note_on']","[0, 0, 0, 0]","[73, 64, 81, 54]","[0, 0, 93, 68]",pp,0,4,0,0,0,0
13.2,[],[],[],[],,0,0,0,0,0,0
13.3,"['note_off', 'note_off', 'note_on', 'note_on']","[0, 0, 0, 0]","[81, 54, 80, 61]","[0, 0, 77, 87]",pp,0,4,0,0,0,0
13.5,[],[],[],[],,0,0,0,0,0,0
13.6,"['note_off', 'note_on']","[0, 0]","[80, 81]","[0, 85]",pp,0,2,0,0,0,0
13.7,[],[],[],[],,0,0,0,0,0,0
13.8,"['note_off', 'note_on']","[0, 0]","[61, 66]","[0, 87]",pp,0,2,0,0,0,0
13.9,[],[],[],[],,0,0,0,0,0,0
14.0,"['note_off', 'note_on']","[0, 0]","[81, 69]","[0, 58]",ppp,0,2,0,0,0,0
14.2,[],[],[],[],,0,0,0,0,0,0
14.3,"['note_off', 'note_on']","[0, 0]","[69, 80]","[0, 88]",pp,0,2,0,0,0,0
14.4,[],[],[],[],,0,0,0,0,0,0
14.5,"['note_off', 'note_on']","[0, 0]","[80, 81]","[0, 86]",pp,0,2,0,0,0,0
14.6,[],[],[],[],,0,0,0,0,0,0
14.7,"['note_off', 'note_on']","[0, 0]","[66, 50]","[0, 66]",ppp,0,2,0,0,0,0
14.8,[],[],[],[],,0,0,0,0,0,0
14.9,"['note_off', 'note_on']","[0, 0]","[81, 69]","[0, 56]",ppp,0,2,0,0,0,0
15.1,[],[],[],[],,0,0,0,0,0,0
15.2,"['note_off', 'note_off', 'note_on', 'note_on']","[0, 0, 0, 0]","[69, 50, 76, 57]","[0, 0, 89, 83]",pp,0,4,0,0,0,0
15.3,[],[],[],[],,0,0,0,0,0,0
15.4,"['note_off', 'note_on']","[0, 0]","[76, 81]","[0, 89]",pp,0,2,0,0,0,0
15.5,[],[],[],[],,0,0,0,0,0,0
15.6,"['note_off', 'note_on']","[0, 0]","[57, 64]","[0, 93]",pp,0,2,0,0,0,0
15.8,[],[],[],[],,0,0,0,0,0,0
15.9,"['note_off', 'note_on']","[0, 0]","[81, 69]","[0, 58]",ppp,0,2,0,0,0,0
16.0,[],[],[],[],,0,0,0,0,0,0
16.1,"['note_off', 'note_off', 'note_on', 'note_on']","[0, 0, 0, 0]","[69, 64, 74, 50]","[0, 0, 83, 75]",pp,0,4,0,0,0,0
16.2,[],[],[],[],,0,0,0,0,0,0
16.3,"['note_off', 'note_on']","[0, 0]","[74, 69]","[0, 71]",ppp,0,2,0,0,0,0
16.5,[],[],[],[],,0,0,0,0,0,0
16.6,"['note_off', 'note_off', 'note_on', 'note_on']","[0, 0, 0, 0]","[69, 50, 73, 45]","[0, 0, 82, 68]",pp,0,4,0,0,0,0
16.9,[],[],[],[],,0,0,0,0,0,0
17.0,"['note_off', 'note_off', 'note_on', 'note_on']","[0, 0, 0, 0]","[73, 45, 74, 52]","[0, 0, 81, 85]",pp,0,4,0,0,0,0
17.4,[],[],[],[],,0,0,0,0,0,0
17.5,"['note_off', 'note_off', 'note_on', 'note_on', 'note_on']","[0, 0, 0, 0, 0]","[74, 52, 69, 76, 61]","[0, 0, 83, 83, 96]",p,0,5,0,0,0,0
17.8,[],[],[],[],,0,0,0,0,0,0
17.9,"['note_off', 'note_off', 'note_on']","[0, 0, 0]","[69, 76, 73]","[0, 0, 70]",ppp,0,3,0,0,0,0
18.3,[],[],[],[],,0,0,0,0,0,0
18.4,"['note_off', 'note_off', 'note_on', 'note_on', 'note_on']","[0, 0, 0, 0, 0]","[73, 61, 68, 71, 56]","[0, 0, 77, 77, 74]",pp,0,5,0,0,0,0
18.8,[],[],[],[],,0,0,0,0,0,0
18.9,"['note_off', 'note_on']","[0, 0]","[56, 59]","[0, 82]",pp,0,2,0,0,0,0
19.2,[],[],[],[],,0,0,0,0,0,0
19.3,"['note_off', 'note_on']","[0, 0]","[59, 64]","[0, 84]",pp,0,2,0,0,0,0
19.7,[],[],[],[],,0,0,0,0,0,0
19.8,"['note_off', 'note_off', 'note_on']","[0, 0, 0]","[68, 71, 69]","[0, 0, 64]",ppp,0,3,0,0,0,0
19.9,[],[],[],[],,0,0,0,0,0,0
20.0,"['note_off', 'note_on']","[0, 0]","[69, 68]","[0, 72]",pp,0,2,0,0,0,0
20.2,[],[],[],[],,0,0,0,0,0,0
20.3,"['note_off', 'note_off', 'note_on', 'note_on']","[0, 0, 0, 0]","[68, 64, 69, 54]","[0, 0, 79, 73]",pp,0,4,0,0,0,0
20.6,[],[],[],[],,0,0,0,0,0,0
20.7,"['note_off', 'note_on']","[0, 0]","[54, 61]","[0, 90]",pp,0,2,0,0,0,0
21.1,[],[],[],[],,0,0,0,0,0,0
21.2,"['note_off', 'note_on']","[0, 0]","[61, 66]","[0, 88]",pp,0,2,0,0,0,0
21.3,[],[],[],[],,0,0,0,0,0,0
21.4,"['note_off', 'note_on']","[0, 0]","[69, 64]","[0, 70]",ppp,0,2,0,0,0,0
21.5,[],[],[],[],,0,0,0,0,0,0
21.6,"['note_off', 'note_on']","[0, 0]","[64, 69]","[0, 88]",pp,0,2,0,0,0,0
21.8,[],[],[],[],,0,0,0,0,0,0
21.9,"['note_off', 'note_on']","[0, 0]","[69, 71]","[0, 84]",pp,0,2,0,0,0,0
22.0,[],[],[],[],,0,0,0,0,0,0
22.1,"['note_off', 'note_off', 'note_on', 'note_on']","[0, 0, 0, 0]","[71, 66, 73, 50]","[0, 0, 84, 73]",pp,0,4,0,0,0,0
22.5,[],[],[],[],,0,0,0,0,0,0
22.6,"['note_off', 'note_on']","[0, 0]","[50, 57]","[0, 83]",pp,0,2,0,0,0,0
22.9,[],[],[],[],,0,0,0,0,0,0
23.0,"['note_off', 'note_on']","[0, 0]","[57, 64]","[0, 89]",pp,0,2,0,0,0,0
23.4,[],[],[],[],,0,0,0,0,0,0
23.5,"['note_off', 'note_on']","[0, 0]","[73, 73]","[0, 77]",pp,0,2,0,0,0,0
23.6,[],[],[],[],,0,0,0,0,0,0
23.7,"['note_off', 'note_on']","[0, 0]","[73, 74]","[0, 81]",pp,0,2,0,0,0,0
23.8,[],[],[],[],,0,0,0,0,0,0
23.9,"['note_off', 'note_off', 'note_on', 'note_on']","[0, 0, 0, 0]","[74, 64, 76, 45]","[0, 0, 83, 66]",pp,0,4,0,0,0,0
24.3,[],[],[],[],,0,0,0,0,0,0
24.4,"['note_off', 'note_on']","[0, 0]","[45, 52]","[0, 84]",pp,0,2,0,0,0,0
24.8,[],[],[],[],,0,0,0,0,0,0
24.9,"['note_off', 'note_on']","[0, 0]","[52, 61]","[0, 94]",pp,0,2,0,0,0,0
25.2,[],[],[],[],,0,0,0,0,0,0
25.3,"['note_off', 'note_on']","[0, 0]","[76, 74]","[0, 69]",ppp,0,2,0,0,0,0
25.5,[],[],[],[],,0,0,0,0,0,0
25.6,"['note_off', 'note_on']","[0, 0]","[74, 73]","[0, 72]",pp,0,2,0,0,0,0
25.7,[],[],[],[],,0,0,0,0,0,0
25.8,"['note_off', 'note_off', 'note_on', 'note_on']","[0, 0, 0, 0]","[73, 61, 71, 52]","[0, 0, 62, 69]",ppp,0,4,0,0,0,0
26.2,[],[],[],[],,0,0,0,0,0,0
26.3,"['note_off', 'note_on']","[0, 0]","[52, 59]","[0, 82]",pp,0,2,0,0,0,0
26.6,[],[],[],[],,0,0,0,0,0,0
26.7,"['note_off', 'note_on']","[0, 0]","[59, 68]","[0, 95]",pp,0,2,0,0,0,0
27.5,[],[],[],[],,0,0,0,0,0,0
27.6,"['note_off', 'note_off', 'note_on', 'note_on']","[0, 0, 0, 0]","[71, 68, 81, 54]","[0, 0, 91, 68]",pp,0,4,0,0,0,0
28.0,[],[],[],[],,0,0,0,0,0,0
28.1,"['note_off', 'note_off', 'note_on', 'note_on']","[0, 0, 0, 0]","[81, 54, 80, 61]","[0, 0, 76, 93]",pp,0,4,0,0,0,0
28.2,[],[],[],[],,0,0,0,0,0,0
28.3,"['note_off', 'note_on']","[0, 0]","[80, 81]","[0, 79]",pp,0,2,0,0,0,0
28.5,[],[],[],[],,0,0,0,0,0,0
28.6,"['note_off', 'note_on']","[0, 0]","[61, 66]","[0, 87]",pp,0,2,0,0,0,0
28.7,[],[],[],[],,0,0,0,0,0,0
28.8,"['note_off', 'note_on']","[0, 0]","[81, 69]","[0, 60]",ppp,0,2,0,0,0,0
28.9,[],[],[],[],,0,0,0,0,0,0
29.0,"['note_off', 'note_on']","[0, 0]","[69, 80]","[0, 92]",pp,0,2,0,0,0,0
29.2,[],[],[],[],,0,0,0,0,0,0
29.3,"['note_off', 'note_on']","[0, 0]","[80, 81]","[0, 80]",pp,0,2,0,0,0,0
29.4,[],[],[],[],,0,0,0,0,0,0
29.5,"['note_off', 'note_on']","[0, 0]","[66, 50]","[0, 65]",ppp,0,2,0,0,0,0
29.6,[],[],[],[],,0,0,0,0,0,0
29.7,"['note_off', 'note_on']","[0, 0]","[81, 69]","[0, 57]",ppp,0,2,0,0,0,0
29.8,[],[],[],[],,0,0,0,0,0,0
29.9,"['note_off', 'note_off', 'note_on', 'note_on']","[0, 0, 0, 0]","[69, 50, 76, 57]","[0, 0, 89, 77]",pp,0,4,0,0,0,0
30.1,[],[],[],[],,0,0,0,0,0,0
30.2,"['note_off', 'note_on']","[0, 0]","[76, 81]","[0, 86]",pp,0,2,0,0,0,0
30.3,[],[],[],[],,0,0,0,0,0,0
30.4,"['note_off', 'note_on']","[0, 0]","[57, 64]","[0, 96]",pp,0,2,0,0,0,0
30.5,[],[],[],[],,0,0,0,0,0,0
30.6,"['note_off', 'note_on']","[0, 0]","[81, 69]","[0, 54]",ppp,0,2,0,0,0,0
30.8,[],[],[],[],,0,0,0,0,0,0
30.9,"['note_off', 'note_off', 'note_on', 'note_on']","[0, 0, 0, 0]","[69, 64, 74, 50]","[0, 0, 86, 72]",pp,0,4,0,0,0,0
31.0,[],[],[],[],,0,0,0,0,0,0
31.1,"['note_off', 'note_on']","[0, 0]","[74, 69]","[0, 66]",ppp,0,2,0,0,0,0
31.2,[],[],[],[],,0,0,0,0,0,0
31.3,"['note_off', 'note_off', 'note_on', 'note_on']","[0, 0, 0, 0]","[69, 50, 73, 45]","[0, 0, 85, 71]",pp,0,4,0,0,0,0
31.7,[],[],[],[],,0,0,0,0,0,0
31.8,"['note_off', 'note_off', 'note_on', 'note_on']","[0, 0, 0, 0]","[73, 45, 74, 52]","[0, 0, 79, 79]",pp,0,4,0,0,0,0
32.2,[],[],[],[],,0,0,0,0,0,0
32.3,"['note_off', 'note_off', 'note_on', 'note_on']","[0, 0, 0, 0]","[74, 52, 76, 61]","[0, 0, 79, 95]",pp,0,4,0,0,0,0
32.6,[],[],[],[],,0,0,0,0,0,0
32.7,"['note_off', 'note_off', 'note_on', 'note_on']","[0, 0, 0, 0]","[76, 61, 85, 45]","[0, 0, 95, 69]",pp,0,4,0,0,0,0
33.1,[],[],[],[],,0,0,0,0,0,0
33.2,"['note_off', 'note_off', 'note_on', 'note_on']","[0, 0, 0, 0]","[85, 45, 83, 52]","[0, 0, 72, 81]",pp,0,4,0,0,0,0
33.5,[],[],[],[],,0,0,0,0,0,0
33.6,"['note_off', 'note_off', 'note_on', 'note_on']","[0, 0, 0, 0]","[83, 52, 76, 59]","[0, 0, 60, 84]",pp,0,4,0,0,0,0
34.0,[],[],[],[],,0,0,0,0,0,0
34.1,"['note_off', 'note_off', 'note_on', 'note_on']","[0, 0, 0, 0]","[76, 59, 83, 61]","[0, 0, 89, 84]",pp,0,4,0,0,0,0
34.5,[],[],[],[],,0,0,0,0,0,0
34.6,"['note_off', 'note_on']","[0, 0]","[83, 81]","[0, 76]",pp,0,2,0,0,0,0
34.7,[],[],[],[],,0,0,0,0,0,0
34.8,"['note_off', 'note_on']","[0, 0]","[81, 80]","[0, 70]",ppp,0,2,0,0,0,0
34.9,[],[],[],[],,0,0,0,0,0,0
35.0,"['note_off', 'note_off', 'note_on', 'note_on', 'note_on']","[0, 0, 0, 0, 0]","[80, 61, 76, 81, 54]","[0, 0, 84, 84, 75]",pp,0,5,0,0,0,0
35.4,[],[],[],[],,0,0,0,0,0,0
35.5,"['note_off', 'note_on']","[0, 0]","[54, 61]","[0, 91]",pp,0,2,0,0,0,0
35.8,[],[],[],[],,0,0,0,0,0,0
35.9,"['note_off', 'note_on']","[0, 0]","[61, 66]","[0, 91]",pp,0,2,0,0,0,0
36.3,[],[],[],[],,0,0,0,0,0,0
36.4,"['note_off', 'note_off', 'note_on']","[0, 0, 0]","[76, 81, 69]","[0, 0, 52]",ppp,0,3,0,0,0,0
36.5,[],[],[],[],,0,0,0,0,0,0
36.6,"['note_off', 'note_on']","[0, 0]","[69, 71]","[0, 76]",pp,0,2,0,0,0,0
36.8,[],[],[],[],,0,0,0,0,0,0
36.9,"['note_off', 'note_off', 'note_on', 'note_on']","[0, 0, 0, 0]","[71, 66, 73, 50]","[0, 0, 80, 67]",pp,0,4,0,0,0,0
37.2,[],[],[],[],,0,0,0,0,0,0
37.3,"['note_off', 'note_off', 'note_on', 'note_on']","[0, 0, 0, 0]","[73, 50, 64, 57]","[0, 0, 55, 79]",ppp,0,4,0,0,0,0
37.7,[],[],[],[],,0,0,0,0,0,0
37.8,"['note_off', 'note_off', 'note_on', 'note_on']","[0, 0, 0, 0]","[64, 57, 69, 64]","[0, 0, 82, 92]",pp,0,4,0,0,0,0
38.2,[],[],[],[],,0,0,0,0,0,0
38.3,"['note_off', 'note_on']","[0, 0]","[69, 73]","[0, 86]",pp,0,2,0,0,0,0
38.4,[],[],[],[],,0,0,0,0,0,0
38.5,"['note_off', 'note_on']","[0, 0]","[73, 74]","[0, 83]",pp,0,2,0,0,0,0
38.6,[],[],[],[],,0,0,0,0,0,0
38.7,"['note_off', 'note_off', 'note_on', 'note_on']","[0, 0, 0, 0]","[74, 64, 76, 45]","[0, 0, 80, 70]",pp,0,4,0,0,0,0
39.1,[],[],[],[],,0,0,0,0,0,0
39.2,"['note_off', 'note_off', 'note_on', 'note_on']","[0, 0, 0, 0]","[76, 45, 64, 52]","[0, 0, 58, 83]",ppp,0,4,0,0,0,0
39.5,[],[],[],[],,0,0,0,0,0,0
39.6,"['note_off', 'note_off', 'note_on', 'note_on']","[0, 0, 0, 0]","[64, 52, 73, 61]","[0, 0, 89, 93]",pp,0,4,0,0,0,0
40.0,[],[],[],[],,0,0,0,0,0,0
40.1,"['note_off', 'note_on']","[0, 0]","[73, 74]","[0, 86]",pp,0,2,0,0,0,0
40.2,[],[],[],[],,0,0,0,0,0,0
40.3,"['note_off', 'note_on']","[0, 0]","[74, 73]","[0, 77]",pp,0,2,0,0,0,0
40.5,[],[],[],[],,0,0,0,0,0,0
40.6,"['note_off', 'note_off', 'note_on', 'note_on']","[0, 0, 0, 0]","[73, 61, 71, 52]","[0, 0, 74, 70]",pp,0,4,0,0,0,0
40.9,[],[],[],[],,0,0,0,0,0,0
41.0,"['note_off', 'note_on']","[0, 0]","[52, 59]","[0, 80]",pp,0,2,0,0,0,0
41.4,[],[],[],[],,0,0,0,0,0,0
41.5,"['note_off', 'note_off', 'note_on', 'note_on']","[0, 0, 0, 0]","[71, 59, 81, 64]","[0, 0, 95, 90]",pp,0,4,0,0,0,0
41.6,[],[],[],[],,0,0,0,0,0,0
41.7,"['note_off', 'note_on']","[0, 0]","[81, 83]","[0, 83]",pp,0,2,0,0,0,0
41.8,[],[],[],[],,0,0,0,0,0,0
41.9,"['note_off', 'note_on']","[0, 0]","[83, 81]","[0, 71]",ppp,0,2,0,0,0,0
42.1,[],[],[],[],,0,0,0,0,0,0
42.2,"['note_off', 'note_on']","[0, 0]","[81, 80]","[0, 76]",pp,0,2,0,0,0,0
42.3,[],[],[],[],,0,0,0,0,0,0
42.4,"['note_off', 'note_off', 'note_on', 'note_on']","[0, 0, 0, 0]","[80, 64, 81, 54]","[0, 0, 75, 74]",pp,0,4,0,0,0,0
42.5,[],[],[],[],,0,0,0,0,0,0
42.6,"['note_off', 'note_on']","[0, 0]","[81, 69]","[0, 56]",ppp,0,2,0,0,0,0
42.8,[],[],[],[],,0,0,0,0,0,0
42.9,"['note_off', 'note_off', 'note_on', 'note_on']","[0, 0, 0, 0]","[69, 54, 76, 61]","[0, 0, 86, 89]",pp,0,4,0,0,0,0
43.0,[],[],[],[],,0,0,0,0,0,0
43.1,"['note_off', 'note_on']","[0, 0]","[76, 69]","[0, 64]",ppp,0,2,0,0,0,0
43.2,[],[],[],[],,0,0,0,0,0,0
43.3,"['note_off', 'note_off', 'note_on', 'note_on']","[0, 0, 0, 0]","[69, 61, 81, 66]","[0, 0, 97, 88]",pp,0,4,0,0,0,0
43.5,[],[],[],[],,0,0,0,0,0,0
43.6,"['note_off', 'note_on']","[0, 0]","[81, 83]","[0, 88]",pp,0,2,0,0,0,0
43.7,[],[],[],[],,0,0,0,0,0,0
43.8,"['note_off', 'note_off', 'note_on', 'note_on']","[0, 0, 0, 0]","[83, 66, 81, 54]","[0, 0, 71, 65]",ppp,0,4,0,0,0,0
43.9,[],[],[],[],,0,0,0,0,0,0
44.0,"['note_off', 'note_on']","[0, 0]","[81, 80]","[0, 70]",ppp,0,2,0,0,0,0
44.2,[],[],[],[],,0,0,0,0,0,0
44.3,"['note_off', 'note_off', 'note_on', 'note_on']","[0, 0, 0, 0]","[80, 54, 81, 50]","[0, 0, 82, 69]",pp,0,4,0,0,0,0
44.4,[],[],[],[],,0,0,0,0,0,0
44.5,"['note_off', 'note_on']","[0, 0]","[81, 69]","[0, 56]",ppp,0,2,0,0,0,0
44.6,[],[],[],[],,0,0,0,0,0,0
44.7,"['note_off', 'note_off', 'note_on', 'note_on']","[0, 0, 0, 0]","[69, 50, 76, 57]","[0, 0, 89, 76]",pp,0,4,0,0,0,0
44.8,[],[],[],[],,0,0,0,0,0,0
44.9,"['note_off', 'note_on']","[0, 0]","[76, 69]","[0, 64]",ppp,0,2,0,0,0,0
45.1,[],[],[],[],,0,0,0,0,0,0
45.2,"['note_off', 'note_off', 'note_on', 'note_on']","[0, 0, 0, 0]","[69, 57, 81, 64]","[0, 0, 97, 95]",pp,0,4,0,0,0,0
45.3,[],[],[],[],,0,0,0,0,0,0
45.4,"['note_off', 'note_on']","[0, 0]","[81, 83]","[0, 88]",pp,0,2,0,0,0,0
45.5,[],[],[],[],,0,0,0,0,0,0
45.6,"['note_off', 'note_off', 'note_on', 'note_on']","[0, 0, 0, 0]","[83, 64, 81, 50]","[0, 0, 75, 68]",ppp,0,4,0,0,0,0
45.8,[],[],[],[],,0,0,0,0,0,0
45.9,"['note_off', 'note_on']","[0, 0]","[81, 80]","[0, 76]",pp,0,2,0,0,0,0
46.0,[],[],[],[],,0,0,0,0,0,0
46.1,"['note_off', 'note_off', 'note_on', 'note_on']","[0, 0, 0, 0]","[80, 50, 81, 45]","[0, 0, 80, 72]",pp,0,4,0,0,0,0
46.2,[],[],[],[],,0,0,0,0,0,0
46.3,"['note_off', 'note_on']","[0, 0]","[81, 83]","[0, 82]",pp,0,2,0,0,0,0
46.5,[],[],[],[],,0,0,0,0,0,0
46.6,"['note_off', 'note_off', 'note_on', 'note_on']","[0, 0, 0, 0]","[83, 45, 85, 52]","[0, 0, 78, 87]",pp,0,4,0,0,0,0
46.7,[],[],[],[],,0,0,0,0,0,0
46.8,"['note_off', 'note_on']","[0, 0]","[85, 86]","[0, 76]",pp,0,2,0,0,0,0
46.9,[],[],[],[],,0,0,0,0,0,0
47.0,"['note_off', 'note_off', 'note_on', 'note_on']","[0, 0, 0, 0]","[86, 52, 88, 61]","[0, 0, 80, 94]",pp,0,4,0,0,0,0
47.2,[],[],[],[],,0,0,0,0,0,0
47.3,"['note_off', 'note_on']","[0, 0]","[88, 85]","[0, 72]",pp,0,2,0,0,0,0
47.4,[],[],[],[],,0,0,0,0,0,0
47.5,"['note_off', 'note_off', 'note_on', 'note_on']","[0, 0, 0, 0]","[85, 61, 83, 45]","[0, 0, 67, 75]",ppp,0,4,0,0,0,0
47.6,[],[],[],[],,0,0,0,0,0,0
47.7,"['note_off', 'note_on']","[0, 0]","[83, 81]","[0, 75]",pp,0,2,0,0,0,0
47.8,[],[],[],[],,0,0,0,0,0,0
47.9,"['note_off', 'note_off', 'note_on', 'note_on']","[0, 0, 0, 0]","[81, 45, 80, 52]","[0, 0, 70, 82]",pp,0,4,0,0,0,0
48.3,[],[],[],[],,0,0,0,0,0,0
48.4,"['note_off', 'note_off', 'note_on', 'note_on']","[0, 0, 0, 0]","[80, 52, 71, 59]","[0, 0, 58, 85]",ppp,0,4,0,0,0,0
48.8,[],[],[],[],,0,0,0,0,0,0
48.9,"['note_off', 'note_off', 'note_on', 'note_on']","[0, 0, 0, 0]","[71, 59, 81, 64]","[0, 0, 95, 88]",pp,0,4,0,0,0,0
49.0,[],[],[],[],,0,0,0,0,0,0
49.1,"['note_off', 'note_on']","[0, 0]","[81, 83]","[0, 86]",pp,0,2,0,0,0,0
49.2,[],[],[],[],,0,0,0,0,0,0
49.3,"['note_off', 'note_off', 'note_on', 'note_on']","[0, 0, 0, 0]","[83, 64, 81, 52]","[0, 0, 73, 70]",ppp,0,4,0,0,0,0
49.5,[],[],[],[],,0,0,0,0,0,0
49.6,"['note_off', 'note_on']","[0, 0]","[81, 80]","[0, 77]",pp,0,2,0,0,0,0
49.7,[],[],[],[],,0,0,0,0,0,0
49.8,"['note_off', 'note_off', 'note_on', 'note_on']","[0, 0, 0, 0]","[80, 52, 81, 54]","[0, 0, 75, 79]",pp,0,4,0,0,0,0
49.9,[],[],[],[],,0,0,0,0,0,0
50.0,"['note_off', 'note_on']","[0, 0]","[81, 69]","[0, 56]",ppp,0,2,0,0,0,0
50.2,[],[],[],[],,0,0,0,0,0,0
50.3,"['note_off', 'note_off', 'note_on', 'note_on']","[0, 0, 0, 0]","[69, 54, 76, 61]","[0, 0, 88, 90]",pp,0,4,0,0,0,0
50.4,[],[],[],[],,0,0,0,0,0,0
50.5,"['note_off', 'note_on']","[0, 0]","[76, 69]","[0, 64]",ppp,0,2,0,0,0,0
50.6,[],[],[],[],,0,0,0,0,0,0
50.7,"['note_off', 'note_off', 'note_on', 'note_on']","[0, 0, 0, 0]","[69, 61, 81, 66]","[0, 0, 95, 88]",pp,0,4,0,0,0,0
50.8,[],[],[],[],,0,0,0,0,0,0
50.9,"['note_off', 'note_on']","[0, 0]","[81, 83]","[0, 84]",pp,0,2,0,0,0,0
51.1,[],[],[],[],,0,0,0,0,0,0
51.2,"['note_off', 'note_off', 'note_on', 'note_on']","[0, 0, 0, 0]","[83, 66, 81, 54]","[0, 0, 74, 68]",ppp,0,4,0,0,0,0
51.3,[],[],[],[],,0,0,0,0,0,0
51.4,"['note_off', 'note_on']","[0, 0]","[81, 80]","[0, 72]",pp,0,2,0,0,0,0
51.5,[],[],[],[],,0,0,0,0,0,0
51.6,"['note_off', 'note_off', 'note_on', 'note_on']","[0, 0, 0, 0]","[80, 54, 81, 50]","[0, 0, 81, 67]",pp,0,4,0,0,0,0
51.8,[],[],[],[],,0,0,0,0,0,0
51.9,"['note_off', 'note_on']","[0, 0]","[81, 69]","[0, 52]",ppp,0,2,0,0,0,0
52.0,[],[],[],[],,0,0,0,0,0,0
52.1,"['note_off', 'note_off', 'note_on', 'note_on']","[0, 0, 0, 0]","[69, 50, 76, 57]","[0, 0, 90, 83]",pp,0,4,0,0,0,0
52.2,[],[],[],[],,0,0,0,0,0,0
52.3,"['note_off', 'note_on']","[0, 0]","[76, 69]","[0, 66]",ppp,0,2,0,0,0,0
52.5,[],[],[],[],,0,0,0,0,0,0
52.6,"['note_off', 'note_off', 'note_on', 'note_on']","[0, 0, 0, 0]","[69, 57, 81, 64]","[0, 0, 96, 93]",pp,0,4,0,0,0,0
52.7,[],[],[],[],,0,0,0,0,0,0
52.8,"['note_off', 'note_on']","[0, 0]","[81, 83]","[0, 86]",pp,0,2,0,0,0,0
52.9,[],[],[],[],,0,0,0,0,0,0
53.0,"['note_off', 'note_off', 'note_on', 'note_on']","[0, 0, 0, 0]","[83, 64, 81, 50]","[0, 0, 74, 70]",pp,0,4,0,0,0,0
53.2,[],[],[],[],,0,0,0,0,0,0
53.3,"['note_off', 'note_on']","[0, 0]","[81, 80]","[0, 69]",ppp,0,2,0,0,0,0
53.4,[],[],[],[],,0,0,0,0,0,0
53.5,"['note_off', 'note_off', 'note_on', 'note_on']","[0, 0, 0, 0]","[80, 50, 81, 45]","[0, 0, 81, 71]",pp,0,4,0,0,0,0
53.6,[],[],[],[],,0,0,0,0,0,0
53.7,"['note_off', 'note_on']","[0, 0]","[81, 83]","[0, 81]",pp,0,2,0,0,0,0
53.8,[],[],[],[],,0,0,0,0,0,0
53.9,"['note_off', 'note_off', 'note_on', 'note_on']","[0, 0, 0, 0]","[83, 45, 85, 52]","[0, 0, 81, 85]",pp,0,4,0,0,0,0
54.1,[],[],[],[],,0,0,0,0,0,0
54.2,"['note_off', 'note_on']","[0, 0]","[85, 86]","[0, 81]",pp,0,2,0,0,0,0
54.3,[],[],[],[],,0,0,0,0,0,0
54.4,"['note_off', 'note_off', 'note_on', 'note_on']","[0, 0, 0, 0]","[86, 52, 88, 61]","[0, 0, 87, 94]",pp,0,4,0,0,0,0
54.5,[],[],[],[],,0,0,0,0,0,0
54.6,"['note_off', 'note_on']","[0, 0]","[88, 85]","[0, 71]",ppp,0,2,0,0,0,0
54.8,[],[],[],[],,0,0,0,0,0,0
54.9,"['note_off', 'note_off', 'note_on', 'note_on']","[0, 0, 0, 0]","[85, 61, 83, 45]","[0, 0, 68, 66]",ppp,0,4,0,0,0,0
55.0,[],[],[],[],,0,0,0,0,0,0
55.1,"['note_off', 'note_on']","[0, 0]","[83, 81]","[0, 72]",pp,0,2,0,0,0,0
55.2,[],[],[],[],,0,0,0,0,0,0
55.3,"['note_off', 'note_off', 'note_on', 'note_on']","[0, 0, 0, 0]","[81, 45, 80, 52]","[0, 0, 72, 83]",pp,0,4,0,0,0,0
55.7,[],[],[],[],,0,0,0,0,0,0
55.8,"['note_off', 'note_off', 'note_on', 'note_on']","[0, 0, 0, 0]","[80, 52, 71, 59]","[0, 0, 55, 85]",ppp,0,4,0,0,0,0
56.2,[],[],[],[],,0,0,0,0,0,0
56.3,"['note_off', 'note_off', 'note_on', 'note_on']","[0, 0, 0, 0]","[71, 59, 81, 64]","[0, 0, 94, 87]",pp,0,4,0,0,0,0
56.4,[],[],[],[],,0,0,0,0,0,0
56.5,"['note_off', 'note_on']","[0, 0]","[81, 81]","[0, 83]",pp,0,2,0,0,0,0
56.6,"['note_off', 'note_on']","[0, 0]","[81, 83]","[0, 79]",pp,0,2,0,0,0,0
56.7,"['note_off', 'note_on']","[0, 0]","[64, 52]","[0, 71]",ppp,0,2,0,0,0,0
56.8,"['note_off', 'note_on']","[0, 0]","[83, 81]","[0, 74]",pp,0,2,0,0,0,0
57.0,[],[],[],[],,0,0,0,0,0,0
57.1,"['note_off', 'note_on']","[0, 0]","[81, 80]","[0, 75]",pp,0,2,0,0,0,0
57.2,"['note_off', 'note_off', 'note_on', 'note_on']","[0, 0, 0, 0]","[80, 52, 81, 42]","[0, 0, 81, 67]",pp,0,4,0,0,0,0
57.3,[],[],[],[],,0,0,0,0,0,0
57.4,"['note_off', 'note_on']","[0, 0]","[81, 69]","[0, 52]",ppp,0,2,0,0,0,0
57.5,[],[],[],[],,0,0,0,0,0,0
57.6,"['note_off', 'note_off', 'note_on', 'note_on']","[0, 0, 0, 0]","[69, 42, 76, 49]","[0, 0, 91, 82]",pp,0,4,0,0,0,0
57.8,[],[],[],[],,0,0,0,0,0,0
57.9,"['note_off', 'note_on']","[0, 0]","[76, 69]","[0, 66]",ppp,0,2,0,0,0,0
58.0,[],[],[],[],,0,0,0,0,0,0
58.1,"['note_off', 'note_off', 'note_on', 'note_on']","[0, 0, 0, 0]","[69, 49, 81, 54]","[0, 0, 92, 81]",pp,0,4,0,0,0,0
58.3,[],[],[],[],,0,0,0,0,0,0
58.4,"['note_off', 'note_on']","[0, 0]","[81, 83]","[0, 80]",pp,0,2,0,0,0,0
58.5,[],[],[],[],,0,0,0,0,0,0
58.6,"['note_off', 'note_off', 'note_on', 'note_on']","[0, 0, 0, 0]","[83, 54, 81, 42]","[0, 0, 76, 68]",pp,0,4,0,0,0,0
58.7,[],[],[],[],,0,0,0,0,0,0
58.8,"['note_off', 'note_on']","[0, 0]","[81, 80]","[0, 74]",pp,0,2,0,0,0,0
58.9,[],[],[],[],,0,0,0,0,0,0
59.0,"['note_off', 'note_off', 'note_on', 'note_on']","[0, 0, 0, 0]","[80, 42, 81, 50]","[0, 0, 79, 84]",pp,0,4,0,0,0,0
59.2,[],[],[],[],,0,0,0,0,0,0
59.3,"['note_off', 'note_on']","[0, 0]","[81, 69]","[0, 55]",ppp,0,2,0,0,0,0
59.4,[],[],[],[],,0,0,0,0,0,0
59.5,"['note_off', 'note_off', 'note_on', 'note_on']","[0, 0, 0, 0]","[69, 50, 76, 57]","[0, 0, 87, 82]",pp,0,4,0,0,0,0
59.6,[],[],[],[],,0,0,0,0,0,0
59.7,"['note_off', 'note_on']","[0, 0]","[76, 69]","[0, 63]",ppp,0,2,0,0,0,0
59.8,[],[],[],[],,0,0,0,0,0,0
59.9,"['note_off', 'note_off', 'note_on', 'note_on']","[0, 0, 0, 0]","[69, 57, 81, 64]","[0, 0, 98, 92]",pp,0,4,0,0,0,0
60.2,[],[],[],[],,0,0,0,0,0,0
60.3,"['note_off', 'note_on']","[0, 0]","[81, 83]","[0, 82]",pp,0,2,0,0,0,0
60.4,"['note_off', 'note_off', 'note_on', 'note_on']","[0, 0, 0, 0]","[83, 64, 81, 50]","[0, 0, 73, 71]",pp,0,4,0,0,0,0
60.5,[],[],[],[],,0,0,0,0,0,0
60.6,"['note_off', 'note_on']","[0, 0]","[81, 80]","[0, 70]",ppp,0,2,0,0,0,0
60.8,[],[],[],[],,0,0,0,0,0,0
60.9,"['note_off', 'note_off', 'note_on', 'note_on']","[0, 0, 0, 0]","[80, 50, 81, 45]","[0, 0, 78, 71]",pp,0,4,0,0,0,0
61.0,[],[],[],[],,0,0,0,0,0,0
61.1,"['note_off', 'note_on']","[0, 0]","[81, 83]","[0, 79]",pp,0,2,0,0,0,0
61.2,[],[],[],[],,0,0,0,0,0,0
61.3,"['note_off', 'note_off', 'note_on', 'note_on']","[0, 0, 0, 0]","[83, 45, 85, 52]","[0, 0, 79, 80]",pp,0,4,0,0,0,0
61.5,[],[],[],[],,0,0,0,0,0,0
61.6,"['note_off', 'note_on']","[0, 0]","[85, 86]","[0, 81]",pp,0,2,0,0,0,0
61.7,[],[],[],[],,0,0,0,0,0,0
61.8,"['note_off', 'note_off', 'note_on', 'note_on']","[0, 0, 0, 0]","[86, 52, 88, 61]","[0, 0, 80, 91]",pp,0,4,0,0,0,0
61.9,[],[],[],[],,0,0,0,0,0,0
62.0,"['note_off', 'note_on']","[0, 0]","[88, 85]","[0, 66]",ppp,0,2,0,0,0,0
62.2,[],[],[],[],,0,0,0,0,0,0
62.3,"['note_off', 'note_off', 'note_on', 'note_on']","[0, 0, 0, 0]","[85, 61, 83, 45]","[0, 0, 70, 66]",ppp,0,4,0,0,0,0
62.4,[],[],[],[],,0,0,0,0,0,0
62.5,"['note_off', 'note_on']","[0, 0]","[83, 81]","[0, 71]",ppp,0,2,0,0,0,0
62.6,[],[],[],[],,0,0,0,0,0,0
62.7,"['note_off', 'note_off', 'note_on', 'note_on']","[0, 0, 0, 0]","[81, 45, 80, 42]","[0, 0, 71, 73]",pp,0,4,0,0,0,0
63.1,[],[],[],[],,0,0,0,0,0,0
63.2,"['note_off', 'note_off', 'note_on', 'note_on']","[0, 0, 0, 0]","[80, 42, 71, 47]","[0, 0, 61, 83]",pp,0,4,0,0,0,0
63.5,[],[],[],[],,0,0,0,0,0,0
63.6,"['note_off', 'note_off', 'note_on', 'note_on']","[0, 0, 0, 0]","[71, 47, 81, 56]","[0, 0, 94, 83]",pp,0,4,0,0,0,0
63.9,[],[],[],[],,0,0,0,0,0,0
64.0,"['note_off', 'note_on']","[0, 0]","[81, 83]","[0, 84]",pp,0,2,0,0,0,0
64.1,"['note_off', 'note_off', 'note_on', 'note_on']","[0, 0, 0, 0]","[83, 56, 81, 42]","[0, 0, 71, 68]",ppp,0,4,0,0,0,0
64.2,[],[],[],[],,0,0,0,0,0,0
64.3,"['note_off', 'note_on']","[0, 0]","[81, 80]","[0, 69]",ppp,0,2,0,0,0,0
64.5,[],[],[],[],,0,0,0,0,0,0
64.6,"['note_off', 'note_off', 'note_on', 'note_on']","[0, 0, 0, 0]","[80, 42, 81, 42]","[0, 0, 77, 74]",pp,0,4,0,0,0,0
64.7,[],[],[],[],,0,0,0,0,0,0
64.8,"['note_off', 'note_on']","[0, 0]","[81, 69]","[0, 61]",ppp,0,2,0,0,0,0
64.9,[],[],[],[],,0,0,0,0,0,0
65.0,"['note_off', 'note_off', 'note_on', 'note_on']","[0, 0, 0, 0]","[69, 42, 78, 49]","[0, 0, 88, 88]",pp,0,4,0,0,0,0
65.2,[],[],[],[],,0,0,0,0,0,0
65.3,"['note_off', 'note_on']","[0, 0]","[78, 69]","[0, 64]",ppp,0,2,0,0,0,0
65.4,[],[],[],[],,0,0,0,0,0,0
65.5,"['note_off', 'note_off', 'note_on', 'note_on']","[0, 0, 0, 0]","[69, 49, 81, 54]","[0, 0, 94, 82]",pp,0,4,0,0,0,0
65.7,[],[],[],[],,0,0,0,0,0,0
65.8,"['note_off', 'note_on']","[0, 0]","[81, 83]","[0, 83]",pp,0,2,0,0,0,0
65.9,"['note_off', 'note_off', 'note_on', 'note_on']","[0, 0, 0, 0]","[83, 54, 81, 42]","[0, 0, 78, 64]",ppp,0,4,0,0,0,0
66.1,[],[],[],[],,0,0,0,0,0,0
66.2,"['note_off', 'note_on']","[0, 0]","[81, 80]","[0, 70]",ppp,0,2,0,0,0,0
66.3,[],[],[],[],,0,0,0,0,0,0
66.4,"['note_off', 'note_off', 'note_on', 'note_on']","[0, 0, 0, 0]","[80, 42, 81, 50]","[0, 0, 80, 78]",pp,0,4,0,0,0,0
66.5,[],[],[],[],,0,0,0,0,0,0
66.6,"['note_off', 'note_on']","[0, 0]","[81, 69]","[0, 53]",ppp,0,2,0,0,0,0
66.8,[],[],[],[],,0,0,0,0,0,0
66.9,"['note_off', 'note_off', 'note_on', 'note_on']","[0, 0, 0, 0]","[69, 50, 76, 57]","[0, 0, 89, 81]",pp,0,4,0,0,0,0
67.0,[],[],[],[],,0,0,0,0,0,0
67.1,"['note_off', 'note_on']","[0, 0]","[76, 69]","[0, 67]",ppp,0,2,0,0,0,0
67.2,[],[],[],[],,0,0,0,0,0,0
67.3,"['note_off', 'note_off', 'note_on', 'note_on']","[0, 0, 0, 0]","[69, 57, 81, 64]","[0, 0, 95, 87]",pp,0,4,0,0,0,0
67.5,[],[],[],[],,0,0,0,0,0,0
67.6,"['note_off', 'note_on']","[0, 0]","[81, 83]","[0, 82]",pp,0,2,0,0,0,0
67.7,[],[],[],[],,0,0,0,0,0,0
67.8,"['note_off', 'note_off', 'note_on', 'note_on']","[0, 0, 0, 0]","[83, 64, 81, 50]","[0, 0, 71, 68]",ppp,0,4,0,0,0,0
67.9,[],[],[],[],,0,0,0,0,0,0
68.0,"['note_off', 'note_on']","[0, 0]","[81, 80]","[0, 72]",pp,0,2,0,0,0,0
68.2,[],[],[],[],,0,0,0,0,0,0
68.3,"['note_off', 'note_off', 'note_on', 'note_on']","[0, 0, 0, 0]","[80, 50, 81, 45]","[0, 0, 80, 73]",pp,0,4,0,0,0,0
68.4,[],[],[],[],,0,0,0,0,0,0
68.5,"['note_off', 'note_on']","[0, 0]","[81, 83]","[0, 81]",pp,0,2,0,0,0,0
68.6,[],[],[],[],,0,0,0,0,0,0
68.7,"['note_off', 'note_off', 'note_on', 'note_on']","[0, 0, 0, 0]","[83, 45, 85, 52]","[0, 0, 84, 82]",pp,0,4,0,0,0,0
68.8,[],[],[],[],,0,0,0,0,0,0
68.9,"['note_off', 'note_on']","[0, 0]","[85, 86]","[0, 79]",pp,0,2,0,0,0,0
69.1,[],[],[],[],,0,0,0,0,0,0
69.2,"['note_off', 'note_off', 'note_on', 'note_on']","[0, 0, 0, 0]","[86, 52, 88, 59]","[0, 0, 83, 83]",pp,0,4,0,0,0,0
69.3,[],[],[],[],,0,0,0,0,0,0
69.4,"['note_off', 'note_on']","[0, 0]","[88, 85]","[0, 69]",ppp,0,2,0,0,0,0
69.5,[],[],[],[],,0,0,0,0,0,0
69.6,"['note_off', 'note_off', 'note_on', 'note_on']","[0, 0, 0, 0]","[85, 59, 83, 45]","[0, 0, 73, 64]",ppp,0,4,0,0,0,0
69.8,[],[],[],[],,0,0,0,0,0,0
69.9,"['note_off', 'note_on']","[0, 0]","[83, 81]","[0, 77]",pp,0,2,0,0,0,0
70.0,[],[],[],[],,0,0,0,0,0,0
70.1,"['note_off', 'note_off', 'note_on', 'note_on']","[0, 0, 0, 0]","[81, 45, 80, 42]","[0, 0, 71, 68]",ppp,0,4,0,0,0,0
70.5,[],[],[],[],,0,0,0,0,0,0
70.6,"['note_off', 'note_off', 'note_on', 'note_on']","[0, 0, 0, 0]","[80, 42, 71, 47]","[0, 0, 60, 81]",ppp,0,4,0,0,0,0
106.5,[],[],[],[],,0,0,0,0,0,0
106.6,"['note_off', 'note_off', 'note_on', 'note_on']","[0, 0, 0, 0]","[71, 47, 68, 56]","[0, 0, 65, 88]",pp,0,4,0,0,0,0
160.8,[],[],[],[],,0,0,0,0,0,0
108.6,"['note_off', 'note_on', 'note_off', 'note_on']","[0, 0, 0, 0]","[68, 64, 64, 69]","[0, 67, 0, 87]",pp,0,4,0,0,0,0
72.9,"['note_off', 'note_on', 'note_off', 'note_off', 'note_on', 'note_on']","[0, 0, 0, 0, 0, 0]","[69, 73, 73, 56, 81, 54]","[0, 86, 0, 0, 97, 76]",pp,0,6,0,0,0,0
73.3,"['note_off', 'note_off', 'note_on', 'note_on']","[0, 0, 0, 0]","[81, 54, 80, 61]","[0, 0, 75, 91]",pp,0,4,0,0,0,0
73.6,"['note_off', 'note_on']","[0, 0]","[80, 81]","[0, 90]",pp,0,2,0,0,0,0
73.8,"['note_off', 'note_off', 'note_on', 'note_on']","[0, 0, 0, 0]","[81, 61, 81, 66]","[0, 0, 82, 87]",pp,0,4,0,0,0,0
74.0,"['note_off', 'note_on']","[0, 0]","[81, 69]","[0, 58]",ppp,0,2,0,0,0,0
74.3,"['note_off', 'note_on']","[0, 0]","[69, 80]","[0, 92]",pp,0,2,0,0,0,0
74.5,"['note_off', 'note_on']","[0, 0]","[80, 81]","[0, 93]",pp,0,2,0,0,0,0
74.7,"['note_off', 'note_off', 'note_on', 'note_on']","[0, 0, 0, 0]","[81, 66, 81, 50]","[0, 0, 80, 68]",pp,0,4,0,0,0,0
74.9,"['note_off', 'note_on']","[0, 0]","[81, 69]","[0, 57]",ppp,0,2,0,0,0,0
75.2,"['note_off', 'note_off', 'note_on', 'note_on']","[0, 0, 0, 0]","[69, 50, 76, 57]","[0, 0, 88, 82]",pp,0,4,0,0,0,0
75.4,"['note_off', 'note_on']","[0, 0]","[76, 81]","[0, 98]",p,0,2,0,0,0,0
75.6,"['note_off', 'note_off', 'note_on', 'note_on']","[0, 0, 0, 0]","[81, 57, 81, 64]","[0, 0, 84, 90]",pp,0,4,0,0,0,0
75.9,"['note_off', 'note_on']","[0, 0]","[81, 69]","[0, 61]",ppp,0,2,0,0,0,0
76.1,"['note_off', 'note_off', 'note_on', 'note_on']","[0, 0, 0, 0]","[69, 64, 74, 50]","[0, 0, 83, 70]",pp,0,4,0,0,0,0
76.3,"['note_off', 'note_on']","[0, 0]","[74, 69]","[0, 68]",ppp,0,2,0,0,0,0
76.6,"['note_off', 'note_off', 'note_on', 'note_on']","[0, 0, 0, 0]","[69, 50, 73, 45]","[0, 0, 80, 72]",pp,0,4,0,0,0,0
77.0,"['note_off', 'note_off', 'note_on', 'note_on']","[0, 0, 0, 0]","[73, 45, 74, 52]","[0, 0, 79, 85]",pp,0,4,0,0,0,0
77.5,"['note_off', 'note_off', 'note_on', 'note_on', 'note_on']","[0, 0, 0, 0, 0]","[74, 52, 69, 76, 61]","[0, 0, 82, 82, 96]",p,0,5,0,0,0,0
77.9,"['note_off', 'note_off', 'note_off', 'note_on', 'note_on']","[0, 0, 0, 0, 0]","[69, 76, 61, 73, 45]","[0, 0, 0, 66, 69]",ppp,0,5,0,0,0,0
78.4,"['note_off', 'note_off', 'note_on', 'note_on', 'note_on']","[0, 0, 0, 0, 0]","[73, 45, 68, 71, 52]","[0, 0, 70, 70, 85]",pp,0,5,0,0,0,0
78.9,"['note_off', 'note_on']","[0, 0]","[52, 59]","[0, 82]",pp,0,2,0,0,0,0
79.3,"['note_off', 'note_on']","[0, 0]","[59, 64]","[0, 90]",pp,0,2,0,0,0,0
79.8,"['note_off', 'note_off', 'note_on']","[0, 0, 0]","[68, 71, 69]","[0, 0, 74]",ppp,0,3,0,0,0,0
80.0,"['note_off', 'note_on']","[0, 0]","[69, 68]","[0, 78]",pp,0,2,0,0,0,0
80.3,"['note_off', 'note_off', 'note_on', 'note_on', 'note_on']","[0, 0, 0, 0, 0]","[68, 64, 64, 69, 54]","[0, 0, 74, 74, 72]",pp,0,5,0,0,0,0
80.7,"['note_off', 'note_on']","[0, 0]","[54, 59]","[0, 77]",pp,0,2,0,0,0,0
81.4,"['note_off', 'note_off', 'note_on']","[0, 0, 0]","[64, 69, 64]","[0, 0, 68]",ppp,0,3,0,0,0,0
81.6,"['note_off', 'note_on']","[0, 0]","[64, 69]","[0, 84]",pp,0,2,0,0,0,0
81.9,"['note_off', 'note_on']","[0, 0]","[69, 71]","[0, 83]",pp,0,2,0,0,0,0
82.1,"['note_off', 'note_off', 'note_on', 'note_on']","[0, 0, 0, 0]","[71, 59, 73, 50]","[0, 0, 81, 68]",pp,0,4,0,0,0,0
82.3,"['note_off', 'note_on']","[0, 0]","[73, 64]","[0, 60]",ppp,0,2,0,0,0,0
82.6,"['note_off', 'note_off', 'note_on', 'note_on']","[0, 0, 0, 0]","[64, 50, 69, 64]","[0, 0, 82, 91]",pp,0,4,0,0,0,0
82.8,"['note_off', 'note_on']","[0, 0]","[69, 71]","[0, 85]",pp,0,2,0,0,0,0
83.0,"['note_off', 'note_on']","[0, 0]","[71, 73]","[0, 83]",pp,0,2,0,0,0,0
83.3,"['note_off', 'note_on']","[0, 0]","[73, 64]","[0, 63]",ppp,0,2,0,0,0,0
83.5,"['note_off', 'note_off', 'note_on', 'note_on']","[0, 0, 0, 0]","[64, 64, 73, 64]","[0, 0, 88, 86]",pp,0,4,0,0,0,0
83.7,"['note_off', 'note_on']","[0, 0]","[73, 74]","[0, 82]",pp,0,2,0,0,0,0
83.9,"['note_off', 'note_off', 'note_on', 'note_on']","[0, 0, 0, 0]","[74, 64, 76, 45]","[0, 0, 85, 66]",pp,0,4,0,0,0,0
84.2,"['note_off', 'note_on']","[0, 0]","[76, 64]","[0, 60]",ppp,0,2,0,0,0,0
84.4,"['note_off', 'note_off', 'note_on', 'note_on']","[0, 0, 0, 0]","[64, 45, 73, 52]","[0, 0, 90, 83]",pp,0,4,0,0,0,0
84.6,"['note_off', 'note_on']","[0, 0]","[73, 74]","[0, 82]",pp,0,2,0,0,0,0
84.9,"['note_off', 'note_off', 'note_on', 'note_on']","[0, 0, 0, 0]","[74, 52, 76, 61]","[0, 0, 78, 94]",pp,0,4,0,0,0,0
85.1,"['note_off', 'note_on']","[0, 0]","[76, 64]","[0, 57]",ppp,0,2,0,0,0,0
85.3,"['note_off', 'note_off', 'note_on', 'note_on']","[0, 0, 0, 0]","[64, 61, 74, 45]","[0, 0, 90, 67]",pp,0,4,0,0,0,0
85.6,"['note_off', 'note_on']","[0, 0]","[74, 73]","[0, 75]",pp,0,2,0,0,0,0
85.8,"['note_off', 'note_off', 'note_on', 'note_on']","[0, 0, 0, 0]","[73, 45, 71, 52]","[0, 0, 75, 79]",pp,0,4,0,0,0,0
86.0,"['note_off', 'note_on']","[0, 0]","[71, 64]","[0, 61]",ppp,0,2,0,0,0,0
86.3,"['note_off', 'note_off', 'note_on', 'note_on']","[0, 0, 0, 0]","[64, 52, 74, 59]","[0, 0, 91, 87]",pp,0,4,0,0,0,0
86.5,"['note_off', 'note_on']","[0, 0]","[74, 73]","[0, 75]",pp,0,2,0,0,0,0
86.7,"['note_off', 'note_off', 'note_on', 'note_on']","[0, 0, 0, 0]","[73, 59, 71, 64]","[0, 0, 73, 84]",pp,0,4,0,0,0,0
87.2,"['note_off', 'note_on']","[0, 0]","[71, 68]","[0, 68]",ppp,0,2,0,0,0,0
87.6,"['note_off', 'note_off', 'note_on', 'note_on']","[0, 0, 0, 0]","[68, 64, 81, 54]","[0, 0, 94, 66]",pp,0,4,0,0,0,0
88.1,"['note_off', 'note_off', 'note_on', 'note_on']","[0, 0, 0, 0]","[81, 54, 80, 61]","[0, 0, 77, 90]",pp,0,4,0,0,0,0
88.3,"['note_off', 'note_on']","[0, 0]","[80, 81]","[0, 78]",pp,0,2,0,0,0,0
88.6,"['note_off', 'note_on']","[0, 0]","[61, 66]","[0, 88]",pp,0,2,0,0,0,0
88.8,"['note_off', 'note_on']","[0, 0]","[81, 69]","[0, 52]",ppp,0,2,0,0,0,0
89.0,"['note_off', 'note_off', 'note_on', 'note_on']","[0, 0, 0, 0]","[69, 66, 80, 54]","[0, 0, 89, 67]",pp,0,4,0,0,0,0
89.3,"['note_off', 'note_on']","[0, 0]","[80, 81]","[0, 82]",pp,0,2,0,0,0,0
89.5,"['note_off', 'note_on']","[0, 0]","[54, 50]","[0, 67]",ppp,0,2,0,0,0,0
89.7,"['note_off', 'note_on']","[0, 0]","[81, 69]","[0, 55]",ppp,0,2,0,0,0,0
89.9,"['note_off', 'note_off', 'note_on', 'note_on']","[0, 0, 0, 0]","[69, 50, 76, 57]","[0, 0, 85, 79]",pp,0,4,0,0,0,0
90.2,"['note_off', 'note_on']","[0, 0]","[76, 81]","[0, 87]",pp,0,2,0,0,0,0
90.4,"['note_off', 'note_on']","[0, 0]","[57, 64]","[0, 91]",pp,0,2,0,0,0,0
90.6,"['note_off', 'note_on']","[0, 0]","[81, 69]","[0, 56]",ppp,0,2,0,0,0,0
90.9,"['note_off', 'note_off', 'note_on', 'note_on']","[0, 0, 0, 0]","[69, 64, 74, 50]","[0, 0, 82, 70]",pp,0,4,0,0,0,0
91.1,"['note_off', 'note_on']","[0, 0]","[74, 69]","[0, 68]",ppp,0,2,0,0,0,0
91.3,"['note_off', 'note_off', 'note_on', 'note_on']","[0, 0, 0, 0]","[69, 50, 73, 45]","[0, 0, 87, 69]",pp,0,4,0,0,0,0
91.8,"['note_off', 'note_off', 'note_on', 'note_on']","[0, 0, 0, 0]","[73, 45, 74, 52]","[0, 0, 84, 84]",pp,0,4,0,0,0,0
92.3,"['note_off', 'note_off', 'note_on', 'note_on']","[0, 0, 0, 0]","[74, 52, 76, 61]","[0, 0, 82, 94]",pp,0,4,0,0,0,0
92.7,"['note_off', 'note_off', 'note_on', 'note_on']","[0, 0, 0, 0]","[76, 61, 85, 45]","[0, 0, 97, 70]",pp,0,4,0,0,0,0
93.2,"['note_off', 'note_off', 'note_on', 'note_on']","[0, 0, 0, 0]","[85, 45, 83, 52]","[0, 0, 72, 82]",pp,0,4,0,0,0,0
93.6,"['note_off', 'note_off', 'note_on', 'note_on']","[0, 0, 0, 0]","[83, 52, 76, 59]","[0, 0, 63, 87]",pp,0,4,0,0,0,0
94.1,"['note_off', 'note_off', 'note_on', 'note_on']","[0, 0, 0, 0]","[76, 59, 83, 64]","[0, 0, 88, 82]",pp,0,4,0,0,0,0
94.6,"['note_off', 'note_off', 'note_on', 'note_on']","[0, 0, 0, 0]","[83, 64, 81, 52]","[0, 0, 70, 70]",ppp,0,4,0,0,0,0
94.8,"['note_off', 'note_on']","[0, 0]","[81, 80]","[0, 74]",pp,0,2,0,0,0,0
95.0,"['note_off', 'note_off', 'note_on', 'note_on', 'note_on']","[0, 0, 0, 0, 0]","[80, 52, 76, 81, 54]","[0, 0, 81, 81, 79]",pp,0,5,0,0,0,0
95.5,"['note_off', 'note_on']","[0, 0]","[54, 61]","[0, 90]",pp,0,2,0,0,0,0
95.9,"['note_off', 'note_on']","[0, 0]","[61, 66]","[0, 87]",pp,0,2,0,0,0,0
96.4,"['note_off', 'note_off', 'note_on']","[0, 0, 0]","[76, 81, 69]","[0, 0, 58]",ppp,0,3,0,0,0,0
96.6,"['note_off', 'note_on']","[0, 0]","[69, 71]","[0, 77]",pp,0,2,0,0,0,0
96.9,"['note_off', 'note_off', 'note_on', 'note_on']","[0, 0, 0, 0]","[71, 66, 73, 50]","[0, 0, 86, 64]",pp,0,4,0,0,0,0
97.1,"['note_off', 'note_on']","[0, 0]","[73, 64]","[0, 56]",ppp,0,2,0,0,0,0
97.3,"['note_off', 'note_off', 'note_on', 'note_on']","[0, 0, 0, 0]","[64, 50, 69, 57]","[0, 0, 88, 82]",pp,0,4,0,0,0,0
97.6,"['note_off', 'note_on']","[0, 0]","[69, 71]","[0, 79]",pp,0,2,0,0,0,0
97.8,"['note_off', 'note_off', 'note_on', 'note_on']","[0, 0, 0, 0]","[71, 57, 73, 64]","[0, 0, 84, 94]",pp,0,4,0,0,0,0
98.0,"['note_off', 'note_on']","[0, 0]","[73, 64]","[0, 59]",ppp,0,2,0,0,0,0
98.3,"['note_off', 'note_off', 'note_on', 'note_on']","[0, 0, 0, 0]","[64, 64, 73, 50]","[0, 0, 91, 69]",pp,0,4,0,0,0,0
98.5,"['note_off', 'note_on']","[0, 0]","[73, 74]","[0, 81]",pp,0,2,0,0,0,0
98.7,"['note_off', 'note_off', 'note_on', 'note_on']","[0, 0, 0, 0]","[74, 50, 76, 45]","[0, 0, 83, 71]",pp,0,4,0,0,0,0
98.9,"['note_off', 'note_on']","[0, 0]","[76, 64]","[0, 57]",ppp,0,2,0,0,0,0
99.2,"['note_off', 'note_off', 'note_on', 'note_on']","[0, 0, 0, 0]","[64, 45, 73, 52]","[0, 0, 90, 84]",pp,0,4,0,0,0,0
99.4,"['note_off', 'note_on']","[0, 0]","[73, 74]","[0, 82]",pp,0,2,0,0,0,0
99.6,"['note_off', 'note_off', 'note_on', 'note_on']","[0, 0, 0, 0]","[74, 52, 76, 61]","[0, 0, 81, 92]",pp,0,4,0,0,0,0
99.9,"['note_off', 'note_on']","[0, 0]","[76, 64]","[0, 54]",ppp,0,2,0,0,0,0
100.1,"['note_off', 'note_off', 'note_on', 'note_on']","[0, 0, 0, 0]","[64, 61, 74, 45]","[0, 0, 91, 68]",pp,0,4,0,0,0,0
100.3,"['note_off', 'note_on']","[0, 0]","[74, 73]","[0, 75]",pp,0,2,0,0,0,0
100.6,"['note_off', 'note_off', 'note_on', 'note_on']","[0, 0, 0, 0]","[73, 45, 71, 40]","[0, 0, 68, 68]",ppp,0,4,0,0,0,0
100.8,"['note_off', 'note_on']","[0, 0]","[71, 64]","[0, 61]",ppp,0,2,0,0,0,0
101.0,"['note_off', 'note_off', 'note_on', 'note_on']","[0, 0, 0, 0]","[64, 40, 68, 47]","[0, 0, 79, 83]",pp,0,4,0,0,0,0
101.3,"['note_off', 'note_on']","[0, 0]","[68, 71]","[0, 81]",pp,0,2,0,0,0,0
101.5,"['note_off', 'note_off', 'note_on', 'note_on']","[0, 0, 0, 0]","[71, 47, 81, 56]","[0, 0, 92, 80]",pp,0,4,0,0,0,0
101.7,"['note_off', 'note_on']","[0, 0]","[81, 83]","[0, 81]",pp,0,2,0,0,0,0
101.9,"['note_off', 'note_off', 'note_on', 'note_on']","[0, 0, 0, 0]","[83, 56, 81, 40]","[0, 0, 73, 70]",ppp,0,4,0,0,0,0
102.2,"['note_off', 'note_on']","[0, 0]","[81, 80]","[0, 68]",ppp,0,2,0,0,0,0
102.4,"['note_off', 'note_off', 'note_on', 'note_on']","[0, 0, 0, 0]","[80, 40, 81, 42]","[0, 0, 80, 76]",pp,0,4,0,0,0,0
102.6,"['note_off', 'note_on']","[0, 0]","[81, 69]","[0, 53]",ppp,0,2,0,0,0,0
102.9,"['note_off', 'note_off', 'note_on', 'note_on']","[0, 0, 0, 0]","[69, 42, 76, 49]","[0, 0, 85, 84]",pp,0,4,0,0,0,0
103.1,"['note_off', 'note_on']","[0, 0]","[76, 69]","[0, 64]",ppp,0,2,0,0,0,0
103.3,"['note_off', 'note_off', 'note_on', 'note_on']","[0, 0, 0, 0]","[69, 49, 81, 54]","[0, 0, 92, 84]",pp,0,4,0,0,0,0
103.6,"['note_off', 'note_on']","[0, 0]","[81, 81]","[0, 82]",pp,0,2,0,0,0,0
103.7,"['note_off', 'note_on']","[0, 0]","[81, 83]","[0, 82]",pp,0,2,0,0,0,0
103.8,"['note_off', 'note_off', 'note_on', 'note_on']","[0, 0, 0, 0]","[83, 54, 83, 42]","[0, 0, 75, 68]",ppp,0,4,0,0,0,0
104.0,"['note_off', 'note_on']","[0, 0]","[83, 80]","[0, 73]",pp,0,2,0,0,0,0
104.3,"['note_off', 'note_off', 'note_on', 'note_on']","[0, 0, 0, 0]","[80, 42, 81, 50]","[0, 0, 78, 81]",pp,0,4,0,0,0,0
104.5,"['note_off', 'note_on']","[0, 0]","[81, 69]","[0, 55]",ppp,0,2,0,0,0,0
104.7,"['note_off', 'note_off', 'note_on', 'note_on']","[0, 0, 0, 0]","[69, 50, 76, 57]","[0, 0, 85, 86]",pp,0,4,0,0,0,0
104.9,"['note_off', 'note_on']","[0, 0]","[76, 69]","[0, 64]",ppp,0,2,0,0,0,0
105.2,"['note_off', 'note_off', 'note_on', 'note_on']","[0, 0, 0, 0]","[69, 57, 81, 62]","[0, 0, 93, 92]",pp,0,4,0,0,0,0
105.4,"['note_off', 'note_on']","[0, 0]","[81, 81]","[0, 82]",pp,0,2,0,0,0,0
105.5,"['note_off', 'note_on']","[0, 0]","[81, 83]","[0, 82]",pp,0,2,0,0,0,0
105.6,"['note_off', 'note_off', 'note_on', 'note_on']","[0, 0, 0, 0]","[83, 62, 81, 50]","[0, 0, 73, 63]",ppp,0,4,0,0,0,0
105.9,"['note_off', 'note_on']","[0, 0]","[81, 80]","[0, 74]",pp,0,2,0,0,0,0
106.1,"['note_off', 'note_off', 'note_on', 'note_on']","[0, 0, 0, 0]","[80, 50, 81, 45]","[0, 0, 76, 72]",pp,0,4,0,0,0,0
106.3,"['note_off', 'note_on']","[0, 0]","[81, 83]","[0, 86]",pp,0,2,0,0,0,0
106.6,"['note_off', 'note_off', 'note_on', 'note_on']","[0, 0, 0, 0]","[83, 45, 85, 52]","[0, 0, 81, 80]",pp,0,4,0,0,0,0
106.8,"['note_off', 'note_on']","[0, 0]","[85, 86]","[0, 80]",pp,0,2,0,0,0,0
107.0,"['note_off', 'note_off', 'note_on', 'note_on']","[0, 0, 0, 0]","[86, 52, 88, 59]","[0, 0, 83, 86]",pp,0,4,0,0,0,0
107.3,"['note_off', 'note_on']","[0, 0]","[88, 85]","[0, 72]",pp,0,2,0,0,0,0
107.5,"['note_off', 'note_off', 'note_on', 'note_on']","[0, 0, 0, 0]","[85, 59, 83, 45]","[0, 0, 70, 71]",ppp,0,4,0,0,0,0
107.7,"['note_off', 'note_on']","[0, 0]","[83, 81]","[0, 66]",ppp,0,2,0,0,0,0
107.9,"['note_off', 'note_off', 'note_on', 'note_on']","[0, 0, 0, 0]","[81, 45, 80, 42]","[0, 0, 77, 72]",pp,0,4,0,0,0,0
108.2,"['note_off', 'note_on']","[0, 0]","[80, 71]","[0, 57]",ppp,0,2,0,0,0,0
108.4,"['note_off', 'note_off', 'note_on', 'note_on']","[0, 0, 0, 0]","[71, 42, 76, 47]","[0, 0, 81, 82]",pp,0,4,0,0,0,0
108.6,"['note_off', 'note_on']","[0, 0]","[76, 71]","[0, 64]",ppp,0,2,0,0,0,0
108.9,"['note_off', 'note_off', 'note_on', 'note_on']","[0, 0, 0, 0]","[71, 47, 81, 56]","[0, 0, 95, 83]",pp,0,4,0,0,0,0
109.1,"['note_off', 'note_on']","[0, 0]","[81, 81]","[0, 80]",pp,0,2,0,0,0,0
109.2,"['note_off', 'note_on']","[0, 0]","[81, 83]","[0, 79]",pp,0,2,0,0,0,0
109.3,"['note_off', 'note_off', 'note_on', 'note_on']","[0, 0, 0, 0]","[83, 56, 81, 42]","[0, 0, 76, 64]",ppp,0,4,0,0,0,0
109.6,"['note_off', 'note_on']","[0, 0]","[81, 80]","[0, 70]",ppp,0,2,0,0,0,0
109.8,"['note_off', 'note_off', 'note_on', 'note_on']","[0, 0, 0, 0]","[80, 42, 81, 42]","[0, 0, 79, 76]",pp,0,4,0,0,0,0
110.0,"['note_off', 'note_on']","[0, 0]","[81, 69]","[0, 55]",ppp,0,2,0,0,0,0
110.3,"['note_off', 'note_off', 'note_on', 'note_on']","[0, 0, 0, 0]","[69, 42, 76, 49]","[0, 0, 82, 81]",pp,0,4,0,0,0,0
110.5,"['note_off', 'note_on']","[0, 0]","[76, 69]","[0, 65]",ppp,0,2,0,0,0,0
110.7,"['note_off', 'note_off', 'note_on', 'note_on']","[0, 0, 0, 0]","[69, 49, 81, 54]","[0, 0, 95, 84]",pp,0,4,0,0,0,0
110.9,"['note_off', 'note_on']","[0, 0]","[81, 81]","[0, 75]",pp,0,2,0,0,0,0
111.1,"['note_off', 'note_on']","[0, 0]","[81, 83]","[0, 83]",pp,0,2,0,0,0,0
111.2,"['note_off', 'note_off', 'note_on', 'note_on']","[0, 0, 0, 0]","[83, 54, 83, 42]","[0, 0, 79, 66]",pp,0,4,0,0,0,0
111.4,"['note_off', 'note_on']","[0, 0]","[83, 80]","[0, 72]",pp,0,2,0,0,0,0
111.6,"['note_off', 'note_off', 'note_on', 'note_on']","[0, 0, 0, 0]","[80, 42, 81, 50]","[0, 0, 79, 81]",pp,0,4,0,0,0,0
111.9,"['note_off', 'note_on']","[0, 0]","[81, 69]","[0, 54]",ppp,0,2,0,0,0,0
112.1,"['note_off', 'note_off', 'note_on', 'note_on']","[0, 0, 0, 0]","[69, 50, 76, 57]","[0, 0, 87, 81]",pp,0,4,0,0,0,0
112.3,"['note_off', 'note_on']","[0, 0]","[76, 69]","[0, 63]",ppp,0,2,0,0,0,0
112.6,"['note_off', 'note_off', 'note_on', 'note_on']","[0, 0, 0, 0]","[69, 57, 81, 62]","[0, 0, 96, 90]",pp,0,4,0,0,0,0
112.8,"['note_off', 'note_on']","[0, 0]","[81, 81]","[0, 81]",pp,0,2,0,0,0,0
112.9,"['note_off', 'note_on']","[0, 0]","[81, 83]","[0, 79]",pp,0,2,0,0,0,0
113.0,"['note_off', 'note_off', 'note_on', 'note_on']","[0, 0, 0, 0]","[83, 62, 81, 50]","[0, 0, 74, 66]",ppp,0,4,0,0,0,0
113.3,"['note_off', 'note_on']","[0, 0]","[81, 80]","[0, 73]",pp,0,2,0,0,0,0
113.5,"['note_off', 'note_off', 'note_on', 'note_on']","[0, 0, 0, 0]","[80, 50, 81, 45]","[0, 0, 77, 71]",pp,0,4,0,0,0,0
113.7,"['note_off', 'note_on']","[0, 0]","[81, 83]","[0, 80]",pp,0,2,0,0,0,0
113.9,"['note_off', 'note_off', 'note_on', 'note_on']","[0, 0, 0, 0]","[83, 45, 85, 52]","[0, 0, 79, 79]",pp,0,4,0,0,0,0
114.2,"['note_off', 'note_on']","[0, 0]","[85, 86]","[0, 83]",pp,0,2,0,0,0,0
114.4,"['note_off', 'note_off', 'note_on', 'note_on']","[0, 0, 0, 0]","[86, 52, 88, 59]","[0, 0, 81, 87]",pp,0,4,0,0,0,0
114.6,"['note_off', 'note_on']","[0, 0]","[88, 85]","[0, 67]",ppp,0,2,0,0,0,0
114.9,"['note_off', 'note_off', 'note_on', 'note_on']","[0, 0, 0, 0]","[85, 59, 83, 45]","[0, 0, 66, 68]",ppp,0,4,0,0,0,0
115.1,"['note_off', 'note_on']","[0, 0]","[83, 81]","[0, 71]",ppp,0,2,0,0,0,0
115.3,"['note_off', 'note_off', 'note_on', 'note_on']","[0, 0, 0, 0]","[81, 45, 80, 42]","[0, 0, 70, 72]",ppp,0,4,0,0,0,0
115.6,"['note_off', 'note_on']","[0, 0]","[80, 71]","[0, 61]",ppp,0,2,0,0,0,0
115.8,"['note_off', 'note_off', 'note_on', 'note_on']","[0, 0, 0, 0]","[71, 42, 76, 47]","[0, 0, 87, 84]",pp,0,4,0,0,0,0
116.0,"['note_off', 'note_on']","[0, 0]","[76, 71]","[0, 67]",ppp,0,2,0,0,0,0
116.3,"['note_off', 'note_off', 'note_on', 'note_on']","[0, 0, 0, 0]","[71, 47, 81, 56]","[0, 0, 91, 87]",pp,0,4,0,0,0,0
116.5,"['note_off', 'note_on']","[0, 0]","[81, 81]","[0, 79]",pp,0,2,0,0,0,0
116.6,"['note_off', 'note_on']","[0, 0]","[81, 83]","[0, 80]",pp,0,2,0,0,0,0
116.7,"['note_off', 'note_off', 'note_on', 'note_on']","[0, 0, 0, 0]","[83, 56, 81, 42]","[0, 0, 72, 67]",ppp,0,4,0,0,0,0
116.9,"['note_off', 'note_on']","[0, 0]","[81, 80]","[0, 70]",ppp,0,2,0,0,0,0
117.2,"['note_off', 'note_off', 'note_on', 'note_on']","[0, 0, 0, 0]","[80, 42, 81, 42]","[0, 0, 79, 77]",pp,0,4,0,0,0,0
117.4,"['note_off', 'note_on']","[0, 0]","[81, 69]","[0, 54]",ppp,0,2,0,0,0,0
117.6,"['note_off', 'note_off', 'note_on', 'note_on']","[0, 0, 0, 0]","[69, 42, 76, 49]","[0, 0, 83, 81]",pp,0,4,0,0,0,0
117.9,"['note_off', 'note_on']","[0, 0]","[76, 69]","[0, 69]",ppp,0,2,0,0,0,0
118.1,"['note_off', 'note_off', 'note_on', 'note_on']","[0, 0, 0, 0]","[69, 49, 81, 54]","[0, 0, 92, 83]",pp,0,4,0,0,0,0
118.3,"['note_off', 'note_on']","[0, 0]","[81, 83]","[0, 83]",pp,0,2,0,0,0,0
118.6,"['note_off', 'note_off', 'note_on', 'note_on']","[0, 0, 0, 0]","[83, 54, 81, 42]","[0, 0, 72, 69]",ppp,0,4,0,0,0,0
118.8,"['note_off', 'note_on']","[0, 0]","[81, 80]","[0, 74]",pp,0,2,0,0,0,0
119.0,"['note_off', 'note_off', 'note_on', 'note_on']","[0, 0, 0, 0]","[80, 42, 81, 50]","[0, 0, 79, 81]",pp,0,4,0,0,0,0
119.3,"['note_off', 'note_on']","[0, 0]","[81, 69]","[0, 57]",ppp,0,2,0,0,0,0
119.5,"['note_off', 'note_off', 'note_on', 'note_on']","[0, 0, 0, 0]","[69, 50, 76, 57]","[0, 0, 86, 79]",pp,0,4,0,0,0,0
119.7,"['note_off', 'note_on']","[0, 0]","[76, 69]","[0, 61]",ppp,0,2,0,0,0,0
119.9,"['note_off', 'note_off', 'note_on', 'note_on']","[0, 0, 0, 0]","[69, 57, 81, 62]","[0, 0, 94, 92]",pp,0,4,0,0,0,0
120.2,"['note_off', 'note_on']","[0, 0]","[81, 83]","[0, 84]",pp,0,2,0,0,0,0
120.4,"['note_off', 'note_off', 'note_on', 'note_on']","[0, 0, 0, 0]","[83, 62, 81, 50]","[0, 0, 71, 69]",ppp,0,4,0,0,0,0
120.6,"['note_off', 'note_on']","[0, 0]","[81, 80]","[0, 71]",ppp,0,2,0,0,0,0
120.9,"['note_off', 'note_off', 'note_on', 'note_on']","[0, 0, 0, 0]","[80, 50, 81, 45]","[0, 0, 78, 67]",pp,0,4,0,0,0,0
121.1,"['note_off', 'note_on']","[0, 0]","[81, 83]","[0, 80]",pp,0,2,0,0,0,0
121.3,"['note_off', 'note_off', 'note_on', 'note_on']","[0, 0, 0, 0]","[83, 45, 85, 52]","[0, 0, 77, 85]",pp,0,4,0,0,0,0
121.6,"['note_off', 'note_on']","[0, 0]","[85, 86]","[0, 79]",pp,0,2,0,0,0,0
121.8,"['note_off', 'note_off', 'note_on', 'note_on']","[0, 0, 0, 0]","[86, 52, 88, 59]","[0, 0, 80, 85]",pp,0,4,0,0,0,0
122.0,"['note_off', 'note_on']","[0, 0]","[88, 85]","[0, 65]",ppp,0,2,0,0,0,0
122.3,"['note_off', 'note_off', 'note_on', 'note_on']","[0, 0, 0, 0]","[85, 59, 83, 45]","[0, 0, 69, 71]",ppp,0,4,0,0,0,0
122.5,"['note_off', 'note_on']","[0, 0]","[83, 81]","[0, 71]",ppp,0,2,0,0,0,0
122.7,"['note_off', 'note_off', 'note_on', 'note_on']","[0, 0, 0, 0]","[81, 45, 80, 42]","[0, 0, 73, 71]",pp,0,4,0,0,0,0
123.2,"['note_off', 'note_off', 'note_on', 'note_on']","[0, 0, 0, 0]","[80, 42, 71, 47]","[0, 0, 56, 85]",ppp,0,4,0,0,0,0
123.6,"['note_off', 'note_off', 'note_on', 'note_on']","[0, 0, 0, 0]","[71, 47, 81, 56]","[0, 0, 93, 87]",pp,0,4,0,0,0,0
123.9,"['note_off', 'note_on']","[0, 0]","[81, 81]","[0, 78]",pp,0,2,0,0,0,0
124.0,"['note_off', 'note_on']","[0, 0]","[81, 83]","[0, 80]",pp,0,2,0,0,0,0
124.1,"['note_off', 'note_off', 'note_on', 'note_on']","[0, 0, 0, 0]","[83, 56, 83, 42]","[0, 0, 75, 67]",ppp,0,4,0,0,0,0
124.3,"['note_off', 'note_on']","[0, 0]","[83, 80]","[0, 68]",ppp,0,2,0,0,0,0
124.6,"['note_off', 'note_off', 'note_on', 'note_on']","[0, 0, 0, 0]","[80, 42, 81, 42]","[0, 0, 81, 75]",pp,0,4,0,0,0,0
124.8,"['note_off', 'note_on']","[0, 0]","[81, 69]","[0, 57]",ppp,0,2,0,0,0,0
125.0,"['note_off', 'note_off', 'note_on', 'note_on']","[0, 0, 0, 0]","[69, 42, 76, 49]","[0, 0, 84, 80]",pp,0,4,0,0,0,0
125.3,"['note_off', 'note_on']","[0, 0]","[76, 69]","[0, 64]",ppp,0,2,0,0,0,0
125.5,"['note_off', 'note_off', 'note_on', 'note_on']","[0, 0, 0, 0]","[69, 49, 81, 54]","[0, 0, 94, 83]",pp,0,4,0,0,0,0
125.7,"['note_off', 'note_on']","[0, 0]","[81, 81]","[0, 77]",pp,0,2,0,0,0,0
125.8,"['note_off', 'note_on']","[0, 0]","[81, 83]","[0, 83]",pp,0,2,0,0,0,0
125.9,"['note_off', 'note_off', 'note_on', 'note_on']","[0, 0, 0, 0]","[83, 54, 81, 42]","[0, 0, 69, 65]",ppp,0,4,0,0,0,0
126.2,"['note_off', 'note_on']","[0, 0]","[81, 80]","[0, 72]",pp,0,2,0,0,0,0
126.4,"['note_off', 'note_off', 'note_on', 'note_on']","[0, 0, 0, 0]","[80, 42, 81, 50]","[0, 0, 79, 82]",pp,0,4,0,0,0,0
126.6,"['note_off', 'note_on']","[0, 0]","[81, 69]","[0, 57]",ppp,0,2,0,0,0,0
126.9,"['note_off', 'note_off', 'note_on', 'note_on']","[0, 0, 0, 0]","[69, 50, 76, 57]","[0, 0, 90, 84]",pp,0,4,0,0,0,0
127.1,"['note_off', 'note_on']","[0, 0]","[76, 69]","[0, 60]",ppp,0,2,0,0,0,0
127.3,"['note_off', 'note_off', 'note_on', 'note_on']","[0, 0, 0, 0]","[69, 57, 81, 64]","[0, 0, 95, 91]",pp,0,4,0,0,0,0
127.6,"['note_off', 'note_on']","[0, 0]","[81, 81]","[0, 80]",pp,0,2,0,0,0,0
127.7,"['note_off', 'note_on']","[0, 0]","[81, 83]","[0, 83]",pp,0,2,0,0,0,0
127.8,"['note_off', 'note_off', 'note_on', 'note_on']","[0, 0, 0, 0]","[83, 64, 81, 50]","[0, 0, 72, 67]",ppp,0,4,0,0,0,0
128.0,"['note_off', 'note_on']","[0, 0]","[81, 80]","[0, 78]",pp,0,2,0,0,0,0
128.3,"['note_off', 'note_off', 'note_on', 'note_on']","[0, 0, 0, 0]","[80, 50, 81, 45]","[0, 0, 80, 69]",pp,0,4,0,0,0,0
128.5,"['note_off', 'note_on']","[0, 0]","[81, 83]","[0, 79]",pp,0,2,0,0,0,0
128.7,"['note_off', 'note_off', 'note_on', 'note_on']","[0, 0, 0, 0]","[83, 45, 85, 52]","[0, 0, 83, 81]",pp,0,4,0,0,0,0
128.9,"['note_off', 'note_on']","[0, 0]","[85, 86]","[0, 81]",pp,0,2,0,0,0,0
129.2,"['note_off', 'note_off', 'note_on', 'note_on']","[0, 0, 0, 0]","[86, 52, 88, 61]","[0, 0, 84, 92]",pp,0,4,0,0,0,0
129.4,"['note_off', 'note_on']","[0, 0]","[88, 85]","[0, 68]",ppp,0,2,0,0,0,0
129.6,"['note_off', 'note_off', 'note_on', 'note_on']","[0, 0, 0, 0]","[85, 61, 83, 45]","[0, 0, 76, 65]",ppp,0,4,0,0,0,0
129.9,"['note_off', 'note_on']","[0, 0]","[83, 81]","[0, 71]",ppp,0,2,0,0,0,0
130.1,"['note_off', 'note_off', 'note_on', 'note_on']","[0, 0, 0, 0]","[81, 45, 80, 40]","[0, 0, 70, 70]",ppp,0,4,0,0,0,0
130.6,"['note_off', 'note_off', 'note_on', 'note_on']","[0, 0, 0, 0]","[80, 40, 74, 47]","[0, 0, 69, 82]",pp,0,4,0,0,0,0
131.0,"['note_off', 'note_off', 'note_on', 'note_on']","[0, 0, 0, 0]","[74, 47, 68, 56]","[0, 0, 61, 88]",pp,0,4,0,0,0,0
131.5,"['note_off', 'note_on']","[0, 0]","[68, 64]","[0, 66]",ppp,0,2,0,0,0,0
131.9,"['note_off', 'note_off', 'note_on', 'note_on', 'note_on']","[0, 0, 0, 0, 0]","[64, 56, 81, 54, 61]","[0, 0, 98, 87, 87]",p,0,5,0,0,0,0
132.4,"['note_off', 'note_on']","[0, 0]","[81, 80]","[0, 79]",pp,0,2,0,0,0,0
132.9,"['note_off', 'note_on']","[0, 0]","[80, 81]","[0, 77]",pp,0,2,0,0,0,0
133.3,"['note_off', 'note_on']","[0, 0]","[81, 80]","[0, 71]",ppp,0,2,0,0,0,0
133.8,"['note_off', 'note_off', 'note_off', 'note_on', 'note_on', 'note_on']","[0, 0, 0, 0, 0, 0]","[80, 54, 61, 73, 80, 54]","[0, 0, 0, 77, 77, 71]",pp,0,6,0,0,0,0
134.3,"['note_off', 'note_off', 'note_off', 'note_on', 'note_on']","[0, 0, 0, 0, 0]","[73, 80, 54, 76, 62]","[0, 0, 0, 66, 93]",ppp,0,5,0,0,0,0
134.7,"['note_off', 'note_off', 'note_on', 'note_on']","[0, 0, 0, 0]","[76, 62, 81, 66]","[0, 0, 88, 89]",pp,0,4,0,0,0,0
135.2,"['note_off', 'note_off', 'note_on', 'note_on']","[0, 0, 0, 0]","[81, 66, 74, 54]","[0, 0, 64, 69]",ppp,0,4,0,0,0,0
135.6,"['note_off', 'note_off', 'note_on', 'note_on']","[0, 0, 0, 0]","[74, 54, 73, 52]","[0, 0, 72, 74]",pp,0,4,0,0,0,0
136.1,"['note_off', 'note_off', 'note_on', 'note_on']","[0, 0, 0, 0]","[73, 52, 74, 61]","[0, 0, 80, 98]",pp,0,4,0,0,0,0
136.6,"['note_off', 'note_off', 'note_on', 'note_on']","[0, 0, 0, 0]","[74, 61, 76, 69]","[0, 0, 85, 96]",pp,0,4,0,0,0,0
137.0,"['note_off', 'note_off', 'note_on']","[0, 0, 0]","[76, 69, 73]","[0, 0, 75]",ppp,0,3,0,0,0,0
137.5,"['note_off', 'note_on', 'note_on', 'note_on']","[0, 0, 0, 0]","[73, 71, 64, 68]","[0, 71, 70, 70]",p,0,4,0,0,0,0
138.4,"['note_off', 'note_on']","[0, 0]","[71, 69]","[0, 71]",ppp,0,2,0,0,0,0
138.9,"['note_off', 'note_on']","[0, 0]","[69, 68]","[0, 71]",ppp,0,2,0,0,0,0
139.3,"['note_off', 'note_off', 'note_off', 'note_on', 'note_on', 'note_on', 'note_on']","[0, 0, 0, 0, 0, 0, 0]","[68, 64, 68, 61, 64, 69, 42]","[0, 0, 0, 82, 82, 82, 63]",pp,0,7,0,0,0,0
139.8,"['note_off', 'note_on']","[0, 0]","[42, 49]","[0, 80]",pp,0,2,0,0,0,0
140.3,"['note_off', 'note_off', 'note_off', 'note_on']","[0, 0, 0, 0]","[61, 64, 69, 64]","[0, 0, 0, 70]",ppp,0,4,0,0,0,0
140.7,"['note_off', 'note_on']","[0, 0]","[64, 69]","[0, 88]",pp,0,2,0,0,0,0
140.9,"['note_off', 'note_on']","[0, 0]","[69, 71]","[0, 82]",pp,0,2,0,0,0,0
141.2,"['note_off', 'note_off', 'note_on', 'note_on']","[0, 0, 0, 0]","[71, 49, 73, 50]","[0, 0, 80, 78]",pp,0,4,0,0,0,0
141.6,"['note_off', 'note_off', 'note_on', 'note_on']","[0, 0, 0, 0]","[73, 50, 64, 57]","[0, 0, 61, 85]",pp,0,4,0,0,0,0
142.1,"['note_off', 'note_off', 'note_on', 'note_on']","[0, 0, 0, 0]","[64, 57, 69, 66]","[0, 0, 86, 93]",pp,0,4,0,0,0,0
142.6,"['note_off', 'note_on']","[0, 0]","[69, 73]","[0, 87]",pp,0,2,0,0,0,0
142.8,"['note_off', 'note_on']","[0, 0]","[73, 74]","[0, 77]",pp,0,2,0,0,0,0
143.0,"['note_off', 'note_off', 'note_on', 'note_on']","[0, 0, 0, 0]","[74, 66, 81, 54]","[0, 0, 91, 70]",pp,0,4,0,0,0,0
143.5,"['note_off', 'note_off', 'note_on', 'note_on']","[0, 0, 0, 0]","[81, 54, 80, 61]","[0, 0, 73, 89]",pp,0,4,0,0,0,0
143.9,"['note_off', 'note_off', 'note_on', 'note_on']","[0, 0, 0, 0]","[80, 61, 81, 66]","[0, 0, 81, 91]",pp,0,4,0,0,0,0
144.4,"['note_off', 'note_on']","[0, 0]","[81, 80]","[0, 69]",ppp,0,2,0,0,0,0
144.9,"['note_off', 'note_off', 'note_on', 'note_on', 'note_on', 'note_on']","[0, 0, 0, 0, 0, 0]","[80, 66, 73, 76, 81, 50]","[0, 0, 81, 81, 81, 71]",p,0,6,0,0,0,0
145.3,"['note_off', 'note_off', 'note_off', 'note_off', 'note_on', 'note_on']","[0, 0, 0, 0, 0, 0]","[73, 76, 81, 50, 76, 57]","[0, 0, 0, 0, 64, 77]",ppp,0,6,0,0,0,0
145.8,"['note_off', 'note_off', 'note_on', 'note_on']","[0, 0, 0, 0]","[76, 57, 81, 66]","[0, 0, 86, 86]",pp,0,4,0,0,0,0
146.3,"['note_off', 'note_off', 'note_on', 'note_on']","[0, 0, 0, 0]","[81, 66, 74, 50]","[0, 0, 65, 68]",ppp,0,4,0,0,0,0
146.7,"['note_off', 'note_off', 'note_on', 'note_on']","[0, 0, 0, 0]","[74, 50, 73, 45]","[0, 0, 70, 69]",ppp,0,4,0,0,0,0
147.2,"['note_off', 'note_off', 'note_on', 'note_on']","[0, 0, 0, 0]","[73, 45, 74, 52]","[0, 0, 76, 80]",pp,0,4,0,0,0,0
147.6,"['note_off', 'note_off', 'note_on', 'note_on']","[0, 0, 0, 0]","[74, 52, 76, 61]","[0, 0, 80, 90]",pp,0,4,0,0,0,0
148.1,"['note_off', 'note_off', 'note_on']","[0, 0, 0]","[76, 61, 85]","[0, 0, 89]",ppp,0,3,0,0,0,0
148.6,"['note_off', 'note_on', 'note_on', 'note_on']","[0, 0, 0, 0]","[85, 76, 81, 52]","[0, 75, 75, 67]",p,0,4,0,0,0,0
149.0,"['note_off', 'note_on']","[0, 0]","[52, 59]","[0, 85]",pp,0,2,0,0,0,0
149.5,"['note_off', 'note_on']","[0, 0]","[59, 69]","[0, 89]",pp,0,2,0,0,0,0
149.9,"['note_off', 'note_off', 'note_off', 'note_on']","[0, 0, 0, 0]","[76, 81, 69, 69]","[0, 0, 0, 53]",ppp,0,4,0,0,0,0
150.2,"['note_off', 'note_on']","[0, 0]","[69, 68]","[0, 68]",ppp,0,2,0,0,0,0
150.4,"['note_off', 'note_on', 'note_on', 'note_on']","[0, 0, 0, 0]","[68, 64, 69, 42]","[0, 81, 81, 69]",p,0,4,0,0,0,0
150.9,"['note_off', 'note_on']","[0, 0]","[42, 49]","[0, 86]",pp,0,2,0,0,0,0
151.3,"['note_off', 'note_on']","[0, 0]","[49, 54]","[0, 81]",pp,0,2,0,0,0,0
151.8,"['note_off', 'note_off', 'note_on']","[0, 0, 0]","[64, 69, 69]","[0, 0, 78]",ppp,0,3,0,0,0,0
152.0,"['note_off', 'note_on']","[0, 0]","[69, 71]","[0, 81]",pp,0,2,0,0,0,0
152.3,"['note_off', 'note_off', 'note_on', 'note_on']","[0, 0, 0, 0]","[71, 54, 73, 50]","[0, 0, 83, 71]",pp,0,4,0,0,0,0
152.7,"['note_off', 'note_off', 'note_on', 'note_on']","[0, 0, 0, 0]","[73, 50, 64, 57]","[0, 0, 59, 86]",pp,0,4,0,0,0,0
153.2,"['note_off', 'note_off', 'note_on', 'note_on']","[0, 0, 0, 0]","[64, 57, 69, 62]","[0, 0, 87, 86]",pp,0,4,0,0,0,0
153.6,"['note_off', 'note_on']","[0, 0]","[69, 73]","[0, 88]",pp,0,2,0,0,0,0
153.9,"['note_off', 'note_on']","[0, 0]","[73, 74]","[0, 82]",pp,0,2,0,0,0,0
154.1,"['note_off', 'note_off', 'note_on', 'note_on']","[0, 0, 0, 0]","[74, 62, 76, 45]","[0, 0, 80, 71]",pp,0,4,0,0,0,0
154.6,"['note_off', 'note_off', 'note_on', 'note_on']","[0, 0, 0, 0]","[76, 45, 64, 52]","[0, 0, 57, 85]",ppp,0,4,0,0,0,0
155.0,"['note_off', 'note_off', 'note_on', 'note_on']","[0, 0, 0, 0]","[64, 52, 69, 54]","[0, 0, 87, 82]",pp,0,4,0,0,0,0
155.5,"['note_off', 'note_on']","[0, 0]","[69, 74]","[0, 89]",pp,0,2,0,0,0,0
155.7,"['note_off', 'note_on']","[0, 0]","[74, 73]","[0, 77]",pp,0,2,0,0,0,0
155.9,"['note_off', 'note_off', 'note_on', 'note_on']","[0, 0, 0, 0]","[73, 54, 71, 40]","[0, 0, 73, 68]",ppp,0,4,0,0,0,0
156.4,"['note_off', 'note_on']","[0, 0]","[40, 49]","[0, 80]",pp,0,2,0,0,0,0
156.9,"['note_off', 'note_off', 'note_on', 'note_on']","[0, 0, 0, 0]","[71, 49, 64, 56]","[0, 0, 60, 85]",pp,0,4,0,0,0,0
157.8,"['note_off', 'note_off', 'note_on', 'note_on']","[0, 0, 0, 0]","[64, 56, 69, 42]","[0, 0, 81, 65]",pp,0,4,0,0,0,0
158.3,"['note_off', 'note_off', 'note_on', 'note_on']","[0, 0, 0, 0]","[69, 42, 57, 49]","[0, 0, 70, 79]",pp,0,4,0,0,0,0
238.0,[],[],[],[],,0,0,0,0,0,0
238.1,"['note_off', 'note_off', 'note_on', 'note_on']","[0, 0, 0, 0]","[57, 49, 61, 54]","[0, 0, 87, 81]",pp,0,4,0,0,0,0
238.7,[],[],[],[],,0,0,0,0,0,0
238.8,"['note_off', 'note_on']","[0, 0]","[61, 66]","[0, 91]",pp,0,2,0,0,0,0
359.2,[],[],[],[],,0,0,0,0,0,0
160.6,"['note_off', 'note_on', 'note_off']","[0, 0, 0]","[66, 69, 54]","[0, 81, 0]",ppp,0,3,0,0,0,0
